date,asset,close
2010-01-04,A000,102.06619730799072
2010-01-04,A001,102.6240413178072
2010-01-04,A002,102.39157510261958
2010-01-04,A003,103.44587875959526
2010-01-04,A004,101.26262268354634
2010-01-04,A005,102.74869672214308
2010-01-04,A006,103.40874039272028
2010-01-04,A007,102.36574430269879
2010-01-04,A008,101.78600121599982
2010-01-04,A009,97.7568335228278
2010-01-04,A010,102.24350376062633
2010-01-04,A011,102.57545708494911
2010-01-04,A012,101.62102788173048
2010-01-04,A013,101.71281544618532
2010-01-04,A014,100.82922920715072
2010-01-04,A015,98.80415760937609
2010-01-04,A016,101.09337252426864
2010-01-04,A017,99.86817690735364
2010-01-04,A018,100.70663424759267
2010-01-04,A019,100.759163467641
2010-01-04,A020,99.98170951245251
2010-01-04,A021,101.79165965881928
2010-01-04,A022,100.02196573287617
2010-01-04,A023,101.41389625567277
2010-01-04,A024,101.5527089761993
2010-01-04,A025,101.78370929740468
2010-01-04,A026,104.22328531123387
2010-01-04,A027,102.23794983188927
2010-01-04,A028,101.30568687366559
2010-01-04,A029,101.81019302956904
2010-01-04,A030,103.54257242099382
2010-01-04,A031,99.33066877896437
2010-01-04,A032,103.6796100593786
2010-01-04,A033,99.39867574013834
2010-01-04,A034,101.70909747299466
2010-01-04,A035,103.89499967575104
2010-01-04,A036,101.07005499593811
2010-01-04,A037,100.66133339663392
2010-01-04,A038,99.56861659097733
2010-01-04,A039,103.9269954514761
2010-01-04,A040,101.10469186651316
2010-01-04,A041,99.10850552414026
2010-01-04,A042,102.21191105490182
2010-01-04,A043,100.75725855390752
2010-01-04,A044,100.68203582892971
2010-01-04,A045,100.11203901447934
2010-01-04,A046,101.31116564767211
2010-01-04,A047,102.91040945570361
2010-01-04,A048,100.47425492873711
2010-01-04,A049,100.08469625973395
2010-01-04,A050,101.3392023135389
2010-01-04,A051,100.952480576715
2010-01-04,A052,99.24607780307608
2010-01-04,A053,102.2699343157627
2010-01-04,A054,103.18972491104333
2010-01-04,A055,100.67216691089594
2010-01-04,A056,102.90122239776196
2010-01-04,A057,101.11904374957817
2010-01-04,A058,101.97550703734741
2010-01-04,A059,99.14003267605523
2010-01-04,A060,98.57069088988676
2010-01-04,A061,100.14275121108169
2010-01-04,A062,99.88708324167374
2010-01-04,A063,101.05994614044928
2010-01-04,A064,100.37391366146733
2010-01-04,A065,102.1236772423295
2010-01-04,A066,100.78827026412615
2010-01-04,A067,98.82279996858074
2010-01-04,A068,99.09569473560337
2010-01-04,A069,100.01209295573837
2010-01-04,A070,102.95066997486451
2010-01-04,A071,99.9494254097838
2010-01-04,A072,103.17878976178186
2010-01-04,A073,100.5020014960761
2010-01-04,A074,101.41730018366619
2010-01-04,A075,103.89644700786391
2010-01-04,A076,98.86172379979132
2010-01-04,A077,105.19391808619984
2010-01-04,A078,103.3541074820683
2010-01-04,A079,101.21128444938621
2010-01-04,A080,102.70183221552767
2010-01-04,A081,101.12000782094275
2010-01-04,A082,100.50955277703292
2010-01-04,A083,100.783462885328
2010-01-04,A084,100.4311527527958
2010-01-04,A085,99.68318096267757
2010-01-04,A086,100.08962304782571
2010-01-04,A087,102.72880497299677
2010-01-04,A088,100.57231629726506
2010-01-04,A089,101.83463996330092
2010-01-04,A090,102.30329655108572
2010-01-04,A091,99.88742378517964
2010-01-04,A092,100.41607706364886
2010-01-04,A093,99.85664929993177
2010-01-04,A094,99.08245033143632
2010-01-04,A095,101.39712219951973
2010-01-04,A096,101.37232262555548
2010-01-04,A097,100.59896137000841
2010-01-04,A098,100.67063673670573
2010-01-04,A099,102.13951780517985
2010-01-05,A000,102.23921210419516
2010-01-05,A001,99.67944700039911
2010-01-05,A002,103.46314981391578
2010-01-05,A003,101.85049394006163
2010-01-05,A004,99.55346908304305
2010-01-05,A005,101.27905348655099
2010-01-05,A006,103.41883557177131
2010-01-05,A007,98.01249358955853
2010-01-05,A008,101.16862720643802
2010-01-05,A009,99.1892386583827
2010-01-05,A010,102.16991082476044
2010-01-05,A011,103.38325968485202
2010-01-05,A012,100.30093526350508
2010-01-05,A013,102.32619314218087
2010-01-05,A014,98.73988464763117
2010-01-05,A015,97.56794583653125
2010-01-05,A016,98.63487520312778
2010-01-05,A017,99.53514438010724
2010-01-05,A018,101.8275305380338
2010-01-05,A019,101.00573104001202
2010-01-05,A020,100.28272410349264
2010-01-05,A021,100.07007570439845
2010-01-05,A022,100.0557703368393
2010-01-05,A023,99.4032213864669
2010-01-05,A024,100.902860453512
2010-01-05,A025,102.37635577439805
2010-01-05,A026,102.08632035871634
2010-01-05,A027,102.29406463173976
2010-01-05,A028,102.83554521288968
2010-01-05,A029,102.66374793865707
2010-01-05,A030,103.33499225056921
2010-01-05,A031,97.15180538338952
2010-01-05,A032,105.2151665859808
2010-01-05,A033,100.57472739501823
2010-01-05,A034,98.59202904446829
2010-01-05,A035,101.36881878811094
2010-01-05,A036,99.43800839979086
2010-01-05,A037,100.6506719876807
2010-01-05,A038,103.7623526416561
2010-01-05,A039,102.43091302041427
2010-01-05,A040,98.35668077365436
2010-01-05,A041,97.21115965032217
2010-01-05,A042,98.07686109818053
2010-01-05,A043,101.27069925944645
2010-01-05,A044,99.12674269978082
2010-01-05,A045,101.746049836219
2010-01-05,A046,100.06317977545822
2010-01-05,A047,102.83241562206096
2010-01-05,A048,100.39644850007458
2010-01-05,A049,99.75206793935378
2010-01-05,A050,100.70942605838731
2010-01-05,A051,99.37294520880306
2010-01-05,A052,102.39884453979123
2010-01-05,A053,101.66038559223345
2010-01-05,A054,103.18269355699212
2010-01-05,A055,101.61477812880256
2010-01-05,A056,102.70717461580188
2010-01-05,A057,97.07689643020578
2010-01-05,A058,100.31985513501299
2010-01-05,A059,97.39907678679435
2010-01-05,A060,99.62095446859834
2010-01-05,A061,98.8296891920787
2010-01-05,A062,97.85878092090444
2010-01-05,A063,102.06645206514366
2010-01-05,A064,100.85465578005284
2010-01-05,A065,101.84294515599505
2010-01-05,A066,100.90017898051869
2010-01-05,A067,101.02048962829559
2010-01-05,A068,101.71827698574636
2010-01-05,A069,99.78764807166692
2010-01-05,A070,101.4660886194481
2010-01-05,A071,98.32666797857239
2010-01-05,A072,102.06841313618686
2010-01-05,A073,101.70569942537627
2010-01-05,A074,100.3787299793712
2010-01-05,A075,102.76069841190831
2010-01-05,A076,97.807384045244
2010-01-05,A077,106.33350780168531
2010-01-05,A078,101.19147489543343
2010-01-05,A079,100.8140845335805
2010-01-05,A080,102.48419256465083
2010-01-05,A081,99.33713654073348
2010-01-05,A082,98.65620511403299
2010-01-05,A083,101.8216824363511
2010-01-05,A084,99.0762264828688
2010-01-05,A085,97.29008073567017
2010-01-05,A086,96.87637270324255
2010-01-05,A087,103.66453938868938
2010-01-05,A088,99.76803959154657
2010-01-05,A089,101.8003473816312
2010-01-05,A090,99.96840092063556
2010-01-05,A091,99.0032360900117
2010-01-05,A092,100.0417770048336
2010-01-05,A093,103.67907096709641
2010-01-05,A094,99.49123450020718
2010-01-05,A095,99.92009572323919
2010-01-05,A096,101.3689860884714
2010-01-05,A097,98.95730075375799
2010-01-05,A098,100.42287174433586
2010-01-05,A099,101.38104478716883
2010-01-06,A000,99.6158090479419
2010-01-06,A001,96.94005214943276
2010-01-06,A002,99.76273213906086
2010-01-06,A003,101.3603282890954
2010-01-06,A004,97.4822737039886
2010-01-06,A005,100.27979970643084
2010-01-06,A006,101.00986835453116
2010-01-06,A007,96.44429204418202
2010-01-06,A008,100.13376073064013
2010-01-06,A009,96.28856090096792
2010-01-06,A010,98.50689186304646
2010-01-06,A011,102.83847014776057
2010-01-06,A012,99.64538215597943
2010-01-06,A013,104.77760355403953
2010-01-06,A014,97.90107872117512
2010-01-06,A015,96.22583830184472
2010-01-06,A016,97.74499196901682
2010-01-06,A017,100.26948046025
2010-01-06,A018,100.52167841996244
2010-01-06,A019,100.88564455419646
2010-01-06,A020,100.0754959979903
2010-01-06,A021,98.26119113495905
2010-01-06,A022,96.60642811912022
2010-01-06,A023,97.8859367235038
2010-01-06,A024,97.51905719162308
2010-01-06,A025,100.82142242966641
2010-01-06,A026,97.78790065997737
2010-01-06,A027,99.62153137630287
2010-01-06,A028,99.64411180164693
2010-01-06,A029,100.68241825552597
2010-01-06,A030,101.34443945961185
2010-01-06,A031,97.41802022043797
2010-01-06,A032,104.04395916904052
2010-01-06,A033,98.56367321104561
2010-01-06,A034,98.34647540034858
2010-01-06,A035,98.20735599592132
2010-01-06,A036,98.59317243439351
2010-01-06,A037,99.78637456407317
2010-01-06,A038,100.62935785511434
2010-01-06,A039,100.2204753038603
2010-01-06,A040,96.62108260142351
2010-01-06,A041,95.06495359465349
2010-01-06,A042,98.56357681566126
2010-01-06,A043,98.77962518835572
2010-01-06,A044,99.03721127323529
2010-01-06,A045,103.1787928411315
2010-01-06,A046,100.93733893567021
2010-01-06,A047,101.3150147731561
2010-01-06,A048,100.41620163429515
2010-01-06,A049,97.36636860163965
2010-01-06,A050,100.2083695906619
2010-01-06,A051,96.50964998218858
2010-01-06,A052,100.3714849261165
2010-01-06,A053,101.79658666891606
2010-01-06,A054,99.55913314228737
2010-01-06,A055,100.5903736402727
2010-01-06,A056,101.35048729176515
2010-01-06,A057,96.00840251757785
2010-01-06,A058,101.64027760909285
2010-01-06,A059,96.84456434082345
2010-01-06,A060,99.57573646421201
2010-01-06,A061,97.85608679633671
2010-01-06,A062,99.3461020770604
2010-01-06,A063,101.29196912005555
2010-01-06,A064,96.947162807373
2010-01-06,A065,100.40240336113455
2010-01-06,A066,99.27760027782686
2010-01-06,A067,98.73615432122462
2010-01-06,A068,98.51827012439892
2010-01-06,A069,100.76498392610733
2010-01-06,A070,98.26112869804592
2010-01-06,A071,95.40147479172435
2010-01-06,A072,100.04954118927469
2010-01-06,A073,98.20059701760653
2010-01-06,A074,97.05391319906197
2010-01-06,A075,96.67597813909937
2010-01-06,A076,94.93281325772341
2010-01-06,A077,103.55338562151948
2010-01-06,A078,101.25907482317145
2010-01-06,A079,99.89635075437256
2010-01-06,A080,101.91685869179364
2010-01-06,A081,100.40330343439177
2010-01-06,A082,99.0249278017143
2010-01-06,A083,101.01074907411885
2010-01-06,A084,96.69658350547557
2010-01-06,A085,94.47283250211088
2010-01-06,A086,96.50378829283187
2010-01-06,A087,100.78242622677371
2010-01-06,A088,97.13837332286187
2010-01-06,A089,101.9158700160405
2010-01-06,A090,96.59094879928368
2010-01-06,A091,96.17137803855807
2010-01-06,A092,96.90303344095005
2010-01-06,A093,104.05819542908972
2010-01-06,A094,99.09409588797085
2010-01-06,A095,100.02932649783745
2010-01-06,A096,100.29079160752788
2010-01-06,A097,97.3309419175086
2010-01-06,A098,99.75229354209421
2010-01-06,A099,99.5125815985068
2010-01-07,A000,101.00347886364067
2010-01-07,A001,93.14846370437422
2010-01-07,A002,101.86853499029355
2010-01-07,A003,102.4068107279179
2010-01-07,A004,96.40586043092286
2010-01-07,A005,100.74420026507764
2010-01-07,A006,101.60566914894929
2010-01-07,A007,93.89573904940859
2010-01-07,A008,100.08854016994235
2010-01-07,A009,98.118927809429
2010-01-07,A010,97.59991372461886
2010-01-07,A011,102.46054188205807
2010-01-07,A012,100.91618304350425
2010-01-07,A013,103.46867865361071
2010-01-07,A014,96.10482943871726
2010-01-07,A015,95.79560427524343
2010-01-07,A016,97.88623647748724
2010-01-07,A017,99.58049633783132
2010-01-07,A018,99.6697592054315
2010-01-07,A019,100.257320976194
2010-01-07,A020,101.15515232832048
2010-01-07,A021,95.20938648628781
2010-01-07,A022,97.0133845972447
2010-01-07,A023,98.86012569485227
2010-01-07,A024,98.90134692660246
2010-01-07,A025,103.86110163693503
2010-01-07,A026,95.59637566409769
2010-01-07,A027,99.3498626349109
2010-01-07,A028,102.0894951141299
2010-01-07,A029,99.63990262935584
2010-01-07,A030,100.4277570120375
2010-01-07,A031,99.87641528379788
2010-01-07,A032,100.24554916960314
2010-01-07,A033,97.79160677147523
2010-01-07,A034,98.28101421777937
2010-01-07,A035,98.43614334350595
2010-01-07,A036,100.37158050776974
2010-01-07,A037,101.53143630205186
2010-01-07,A038,101.73831585489286
2010-01-07,A039,99.683948163624
2010-01-07,A040,96.0128639762651
2010-01-07,A041,99.09308641353395
2010-01-07,A042,100.75888120375049
2010-01-07,A043,101.11308658767567
2010-01-07,A044,103.21224170576232
2010-01-07,A045,103.91935559616626
2010-01-07,A046,99.89799861262118
2010-01-07,A047,96.62202263994259
2010-01-07,A048,103.5262354212959
2010-01-07,A049,97.92372030032593
2010-01-07,A050,100.04322337829572
2010-01-07,A051,97.01452930807089
2010-01-07,A052,101.66919125095961
2010-01-07,A053,103.76051243554474
2010-01-07,A054,100.42714168014764
2010-01-07,A055,102.74326362909925
2010-01-07,A056,103.01563295326524
2010-01-07,A057,97.16086151350535
2010-01-07,A058,103.54125304427208
2010-01-07,A059,98.34541872324182
2010-01-07,A060,96.58775779892764
2010-01-07,A061,99.89043437947413
2010-01-07,A062,100.44508103767367
2010-01-07,A063,101.8466606262717
2010-01-07,A064,97.49417691067991
2010-01-07,A065,102.85482740722802
2010-01-07,A066,98.39563302691089
2010-01-07,A067,102.46606653828549
2010-01-07,A068,98.73800084369324
2010-01-07,A069,103.39773113847114
2010-01-07,A070,96.69611879984595
2010-01-07,A071,96.17076518665044
2010-01-07,A072,100.20893778225033
2010-01-07,A073,100.33635154039622
2010-01-07,A074,96.24014054664076
2010-01-07,A075,94.72184698550807
2010-01-07,A076,94.97066894475276
2010-01-07,A077,102.87350548557379
2010-01-07,A078,103.39836274943204
2010-01-07,A079,98.09003591457976
2010-01-07,A080,105.039135447839
2010-01-07,A081,100.75551916859209
2010-01-07,A082,100.00948608369428
2010-01-07,A083,101.45137598133955
2010-01-07,A084,98.17159071985859
2010-01-07,A085,95.77095268883039
2010-01-07,A086,96.24004170102765
2010-01-07,A087,99.9328866752283
2010-01-07,A088,99.02109107557486
2010-01-07,A089,101.40398542865749
2010-01-07,A090,98.08905612867389
2010-01-07,A091,97.17951796349519
2010-01-07,A092,96.87731434676417
2010-01-07,A093,107.25790209602044
2010-01-07,A094,100.55722072361945
2010-01-07,A095,96.9778109474473
2010-01-07,A096,100.23806519119725
2010-01-07,A097,96.4076539531228
2010-01-07,A098,101.24057992881956
2010-01-07,A099,99.64402195809478
2010-01-08,A000,103.30947504435433
2010-01-08,A001,92.81586889281884
2010-01-08,A002,99.66858425273253
2010-01-08,A003,102.11686867117436
2010-01-08,A004,96.85575142206145
2010-01-08,A005,100.09597976794107
2010-01-08,A006,100.61762265829097
2010-01-08,A007,92.10820709766911
2010-01-08,A008,100.550204467838
2010-01-08,A009,99.91854622545348
2010-01-08,A010,97.80135475080407
2010-01-08,A011,102.67990881996836
2010-01-08,A012,100.76534225316725
2010-01-08,A013,102.85621813852137
2010-01-08,A014,94.85905649463828
2010-01-08,A015,92.53084175644707
2010-01-08,A016,97.80499203309296
2010-01-08,A017,99.95847203561445
2010-01-08,A018,98.30822002437782
2010-01-08,A019,99.89577862312335
2010-01-08,A020,102.33726738162929
2010-01-08,A021,92.38225194404804
2010-01-08,A022,95.02436619715657
2010-01-08,A023,94.59388463962266
2010-01-08,A024,98.52172748531568
2010-01-08,A025,101.59959293704641
2010-01-08,A026,94.09543233205008
2010-01-08,A027,99.19749885666702
2010-01-08,A028,100.86952441195534
2010-01-08,A029,97.97453480669755
2010-01-08,A030,102.51354380752741
2010-01-08,A031,99.02447329961056
2010-01-08,A032,98.78940424106742
2010-01-08,A033,97.45360905752672
2010-01-08,A034,95.44653495666091
2010-01-08,A035,97.53713496810198
2010-01-08,A036,100.85919398144327
2010-01-08,A037,99.3032389578488
2010-01-08,A038,103.15909095259195
2010-01-08,A039,98.69388363124459
2010-01-08,A040,96.3406668376859
2010-01-08,A041,100.03612237075717
2010-01-08,A042,102.80478833099191
2010-01-08,A043,103.05134023931124
2010-01-08,A044,101.49757062547089
2010-01-08,A045,102.28965886396337
2010-01-08,A046,94.79537523292912
2010-01-08,A047,94.55230836606351
2010-01-08,A048,102.1878624652383
2010-01-08,A049,96.67452935406824
2010-01-08,A050,97.68213796319675
2010-01-08,A051,97.43802027939063
2010-01-08,A052,100.3032243080262
2010-01-08,A053,101.59909142433162
2010-01-08,A054,97.99614254493233
2010-01-08,A055,99.73409838907239
2010-01-08,A056,102.31034612071748
2010-01-08,A057,97.01212308693219
2010-01-08,A058,102.16787715840681
2010-01-08,A059,95.11867645156838
2010-01-08,A060,96.91253519902287
2010-01-08,A061,96.00101717465151
2010-01-08,A062,101.2654110696641
2010-01-08,A063,101.23125624771419
2010-01-08,A064,94.9644651438513
2010-01-08,A065,101.79493407365861
2010-01-08,A066,99.36219848985121
2010-01-08,A067,103.73035548659608
2010-01-08,A068,97.52102846349554
2010-01-08,A069,101.5499450818564
2010-01-08,A070,96.16688613726821
2010-01-08,A071,94.60117474517712
2010-01-08,A072,97.65804967506281
2010-01-08,A073,98.08384230850106
2010-01-08,A074,96.03137389730824
2010-01-08,A075,95.83640175302273
2010-01-08,A076,93.00003476874139
2010-01-08,A077,104.2023399268005
2010-01-08,A078,102.76774979956362
2010-01-08,A079,98.80367744232622
2010-01-08,A080,103.98555384009975
2010-01-08,A081,100.82955744090154
2010-01-08,A082,98.42941977639956
2010-01-08,A083,99.47358045026998
2010-01-08,A084,99.48109298787512
2010-01-08,A085,94.89897035783278
2010-01-08,A086,92.98308428900779
2010-01-08,A087,97.81246357483784
2010-01-08,A088,95.81345226402111
2010-01-08,A089,103.64657026776003
2010-01-08,A090,92.56986175423827
2010-01-08,A091,99.8191684178029
2010-01-08,A092,94.47965060167161
2010-01-08,A093,107.40863569234638
2010-01-08,A094,97.6791162253328
2010-01-08,A095,95.7207830770191
2010-01-08,A096,101.5897736456265
2010-01-08,A097,96.42080744745283
2010-01-08,A098,100.74790455567597
2010-01-08,A099,96.78672402886566
2010-01-11,A000,102.67108362909254
2010-01-11,A001,93.48182467452895
2010-01-11,A002,99.01720704924418
2010-01-11,A003,101.28272696498453
2010-01-11,A004,97.81743096650338
2010-01-11,A005,98.61275413098313
2010-01-11,A006,99.08692551043427
2010-01-11,A007,91.20360445939136
2010-01-11,A008,99.65213803429816
2010-01-11,A009,100.43170422840521
2010-01-11,A010,94.66009894579477
2010-01-11,A011,100.85968547765553
2010-01-11,A012,100.84456097685315
2010-01-11,A013,101.41811818388236
2010-01-11,A014,95.52695326331077
2010-01-11,A015,91.5707900596965
2010-01-11,A016,98.7432782445809
2010-01-11,A017,100.54257519651144
2010-01-11,A018,96.38926861737512
2010-01-11,A019,101.26739355994026
2010-01-11,A020,102.52969305154393
2010-01-11,A021,90.53636916918329
2010-01-11,A022,91.39693823872909
2010-01-11,A023,94.29792869136604
2010-01-11,A024,97.76529553944546
2010-01-11,A025,100.98578499424245
2010-01-11,A026,95.14475269245676
2010-01-11,A027,99.69616126946363
2010-01-11,A028,102.37972724600515
2010-01-11,A029,98.57338077227806
2010-01-11,A030,102.60412349456413
2010-01-11,A031,98.57746228607502
2010-01-11,A032,99.13053996178218
2010-01-11,A033,100.03440926315443
2010-01-11,A034,95.54067799781343
2010-01-11,A035,96.14423838352063
2010-01-11,A036,100.5265267948358
2010-01-11,A037,100.58939030792831
2010-01-11,A038,102.25341805494122
2010-01-11,A039,99.1105155808292
2010-01-11,A040,92.33377830083758
2010-01-11,A041,100.61037035477749
2010-01-11,A042,101.51520893343032
2010-01-11,A043,102.97107131047154
2010-01-11,A044,101.11069812753499
2010-01-11,A045,103.45517998120887
2010-01-11,A046,94.48927346966592
2010-01-11,A047,93.84365390026052
2010-01-11,A048,103.68712464457772
2010-01-11,A049,94.78972980633613
2010-01-11,A050,97.99657746472651
2010-01-11,A051,97.66694858327195
2010-01-11,A052,102.91396273479407
2010-01-11,A053,102.01332512973818
2010-01-11,A054,96.07662971269653
2010-01-11,A055,99.90297191429453
2010-01-11,A056,98.7376908515635
2010-01-11,A057,94.33182748626926
2010-01-11,A058,100.54652354206527
2010-01-11,A059,94.40800564018872
2010-01-11,A060,93.8414396727438
2010-01-11,A061,96.81511223001137
2010-01-11,A062,102.1853527698729
2010-01-11,A063,98.10110171198224
2010-01-11,A064,93.31614535574636
2010-01-11,A065,100.67474020131415
2010-01-11,A066,99.08605930932049
2010-01-11,A067,103.60495386811269
2010-01-11,A068,99.61767535295535
2010-01-11,A069,98.96892462405616
2010-01-11,A070,95.7857097094135
2010-01-11,A071,94.67077207094702
2010-01-11,A072,98.80596172563489
2010-01-11,A073,98.59707453814481
2010-01-11,A074,95.52343077470539
2010-01-11,A075,94.56242763677459
2010-01-11,A076,92.15229588446253
2010-01-11,A077,98.60405365970286
2010-01-11,A078,99.93337832766582
2010-01-11,A079,98.1967418660235
2010-01-11,A080,102.95836918290759
2010-01-11,A081,102.50173257738331
2010-01-11,A082,99.57190493740484
2010-01-11,A083,97.4376761066512
2010-01-11,A084,99.77666097768201
2010-01-11,A085,93.62525755769633
2010-01-11,A086,94.23094169044538
2010-01-11,A087,99.2133904410899
2010-01-11,A088,99.56551528670006
2010-01-11,A089,102.85807805527176
2010-01-11,A090,92.77072634764517
2010-01-11,A091,97.95020224997631
2010-01-11,A092,95.90441676190649
2010-01-11,A093,105.32039928417322
2010-01-11,A094,100.09781976658452
2010-01-11,A095,93.30361465567157
2010-01-11,A096,100.57108078438075
2010-01-11,A097,96.67158813941954
2010-01-11,A098,101.06755205798304
2010-01-11,A099,96.95562773797862
2010-01-12,A000,101.3560006024036
2010-01-12,A001,94.99102444413491
2010-01-12,A002,100.31380888833814
2010-01-12,A003,99.5132972466276
2010-01-12,A004,97.27730952107152
2010-01-12,A005,99.57825642352492
2010-01-12,A006,100.60481497984652
2010-01-12,A007,93.10118591017522
2010-01-12,A008,102.58361292752672
2010-01-12,A009,100.5051337652755
2010-01-12,A010,94.60830397720747
2010-01-12,A011,101.20266832539451
2010-01-12,A012,100.56511976451203
2010-01-12,A013,101.51186913713315
2010-01-12,A014,93.7012318338352
2010-01-12,A015,92.60662733292253
2010-01-12,A016,98.68063667798593
2010-01-12,A017,97.85170326355811
2010-01-12,A018,94.67966766722098
2010-01-12,A019,97.71571791919325
2010-01-12,A020,99.37933912059779
2010-01-12,A021,93.77797151934885
2010-01-12,A022,90.49416518036331
2010-01-12,A023,93.44799249466493
2010-01-12,A024,95.88594737392057
2010-01-12,A025,100.9343471589716
2010-01-12,A026,96.40270483880539
2010-01-12,A027,100.9890733295981
2010-01-12,A028,103.25730951570779
2010-01-12,A029,98.2512863221942
2010-01-12,A030,102.71685520326972
2010-01-12,A031,96.73428574641534
2010-01-12,A032,98.85951143327132
2010-01-12,A033,98.77143798439948
2010-01-12,A034,95.36330983843894
2010-01-12,A035,95.11977207688341
2010-01-12,A036,99.77654053770065
2010-01-12,A037,101.69365534620599
2010-01-12,A038,102.4449192742215
2010-01-12,A039,100.81706107334864
2010-01-12,A040,92.55197962442287
2010-01-12,A041,100.97624598356873
2010-01-12,A042,100.33592544829482
2010-01-12,A043,101.64527592912296
2010-01-12,A044,103.02273152778987
2010-01-12,A045,100.17138101371843
2010-01-12,A046,92.21709163227897
2010-01-12,A047,93.72998859862628
2010-01-12,A048,102.11377385528355
2010-01-12,A049,93.86192924607761
2010-01-12,A050,97.19468480399249
2010-01-12,A051,95.84477645583634
2010-01-12,A052,101.81293711856758
2010-01-12,A053,102.55798525410707
2010-01-12,A054,97.36433557855709
2010-01-12,A055,97.60864818964559
2010-01-12,A056,96.35642525227516
2010-01-12,A057,92.70476474510785
2010-01-12,A058,102.15342140240283
2010-01-12,A059,95.80145168119154
2010-01-12,A060,94.52791859833877
2010-01-12,A061,96.25815991326114
2010-01-12,A062,101.33747989133394
2010-01-12,A063,96.51362704784776
2010-01-12,A064,94.62517386879999
2010-01-12,A065,99.58677261167085
2010-01-12,A066,97.35581987824222
2010-01-12,A067,102.6742401850314
2010-01-12,A068,98.02787161639935
2010-01-12,A069,100.44423475667045
2010-01-12,A070,96.39441955093517
2010-01-12,A071,96.72344129457738
2010-01-12,A072,99.02005746255448
2010-01-12,A073,97.52705168641593
2010-01-12,A074,95.4577660400956
2010-01-12,A075,93.86066361822057
2010-01-12,A076,92.1082429739109
2010-01-12,A077,100.09621928815258
2010-01-12,A078,99.43072245038765
2010-01-12,A079,96.2517444630625
2010-01-12,A080,102.46121997950677
2010-01-12,A081,100.25706039436646
2010-01-12,A082,99.65773844522916
2010-01-12,A083,98.53278450452181
2010-01-12,A084,98.46340675515822
2010-01-12,A085,93.77339521265058
2010-01-12,A086,92.78841473359546
2010-01-12,A087,98.38341321115239
2010-01-12,A088,96.06918929623342
2010-01-12,A089,105.90629984125435
2010-01-12,A090,93.08637465910972
2010-01-12,A091,96.81049472364928
2010-01-12,A092,95.91452796979726
2010-01-12,A093,103.74257470984078
2010-01-12,A094,97.02783885488417
2010-01-12,A095,94.1277222585614
2010-01-12,A096,99.53520385609539
2010-01-12,A097,93.10150940947295
2010-01-12,A098,99.26567989496445
2010-01-12,A099,99.04505040466913
2010-01-13,A000,103.05502716003818
2010-01-13,A001,99.77618113138217
2010-01-13,A002,99.66288546979241
2010-01-13,A003,101.62628171988133
2010-01-13,A004,96.9342699872595
2010-01-13,A005,100.9572267914818
2010-01-13,A006,101.57317247160566
2010-01-13,A007,90.33371584194266
2010-01-13,A008,104.6330426300888
2010-01-13,A009,97.78941875346035
2010-01-13,A010,96.04187460030215
2010-01-13,A011,101.28762929442973
2010-01-13,A012,103.79880990936942
2010-01-13,A013,100.74385335370985
2010-01-13,A014,97.68593115201564
2010-01-13,A015,91.27074241634713
2010-01-13,A016,97.97334674102694
2010-01-13,A017,99.6327856865611
2010-01-13,A018,96.70424989453372
2010-01-13,A019,97.6361074184486
2010-01-13,A020,97.93480566441981
2010-01-13,A021,92.32150139949731
2010-01-13,A022,93.16453521972892
2010-01-13,A023,92.45924494998454
2010-01-13,A024,97.31802166068944
2010-01-13,A025,101.61044014872462
2010-01-13,A026,98.64603955548264
2010-01-13,A027,101.78516724259967
2010-01-13,A028,102.43189523541096
2010-01-13,A029,98.72398925255116
2010-01-13,A030,106.98399340904032
2010-01-13,A031,94.3404441436679
2010-01-13,A032,100.25699469471563
2010-01-13,A033,99.62044592550731
2010-01-13,A034,97.58964855094541
2010-01-13,A035,95.3515982817134
2010-01-13,A036,100.40454764974787
2010-01-13,A037,100.80341032455055
2010-01-13,A038,104.22486063335651
2010-01-13,A039,102.28639876349102
2010-01-13,A040,92.77247791979677
2010-01-13,A041,103.8113024874855
2010-01-13,A042,101.97647892920207
2010-01-13,A043,100.61066934553816
2010-01-13,A044,106.31359131942753
2010-01-13,A045,97.53862281943101
2010-01-13,A046,93.81756292128209
2010-01-13,A047,93.1494879737084
2010-01-13,A048,100.2031013886689
2010-01-13,A049,97.186369844854
2010-01-13,A050,99.7133317126725
2010-01-13,A051,96.79245955350008
2010-01-13,A052,102.10200846218285
2010-01-13,A053,102.23225712388361
2010-01-13,A054,99.46268139585615
2010-01-13,A055,99.15658457214582
2010-01-13,A056,100.28492499707546
2010-01-13,A057,91.45364874661655
2010-01-13,A058,103.0201779010287
2010-01-13,A059,97.74937883077983
2010-01-13,A060,95.02149201550802
2010-01-13,A061,96.29058386705076
2010-01-13,A062,102.45717404567878
2010-01-13,A063,99.71622314386674
2010-01-13,A064,96.7206231077477
2010-01-13,A065,100.35138106749271
2010-01-13,A066,100.35171685787489
2010-01-13,A067,105.82155800269595
2010-01-13,A068,96.73220345191226
2010-01-13,A069,98.85584533212327
2010-01-13,A070,102.67992490980684
2010-01-13,A071,96.64477388703172
2010-01-13,A072,99.34142297561654
2010-01-13,A073,97.19687687762698
2010-01-13,A074,96.26970536160596
2010-01-13,A075,92.3421128946936
2010-01-13,A076,91.7093611585456
2010-01-13,A077,101.81144017560545
2010-01-13,A078,99.98042561450019
2010-01-13,A079,95.61403280558
2010-01-13,A080,102.82675760566791
2010-01-13,A081,99.38846811266669
2010-01-13,A082,101.15352762047152
2010-01-13,A083,98.54329707576885
2010-01-13,A084,97.72718513699556
2010-01-13,A085,93.36189343333713
2010-01-13,A086,90.83042836918233
2010-01-13,A087,99.00757736832021
2010-01-13,A088,96.72252815032624
2010-01-13,A089,103.9263075264657
2010-01-13,A090,95.08314408793869
2010-01-13,A091,99.09555882062685
2010-01-13,A092,95.95453475238459
2010-01-13,A093,102.20228135133236
2010-01-13,A094,93.58523450663887
2010-01-13,A095,93.30880836909296
2010-01-13,A096,99.48029221466125
2010-01-13,A097,91.39855456297119
2010-01-13,A098,99.26906706615793
2010-01-13,A099,100.32220130705156
2010-01-14,A000,101.05232734887892
2010-01-14,A001,100.76574437147326
2010-01-14,A002,94.85376665912105
2010-01-14,A003,99.89311914672423
2010-01-14,A004,94.540008660659
2010-01-14,A005,100.15599819593012
2010-01-14,A006,97.93156212595837
2010-01-14,A007,92.13457386129609
2010-01-14,A008,103.18939775306049
2010-01-14,A009,98.00481150781279
2010-01-14,A010,93.13542121599777
2010-01-14,A011,98.0186285079817
2010-01-14,A012,100.43308464673233
2010-01-14,A013,99.66843645546611
2010-01-14,A014,97.04171118082787
2010-01-14,A015,89.92499361291551
2010-01-14,A016,96.47035259590261
2010-01-14,A017,98.2404378999034
2010-01-14,A018,93.66653591102539
2010-01-14,A019,96.42328512711093
2010-01-14,A020,97.97275591611205
2010-01-14,A021,92.12175419408925
2010-01-14,A022,89.69741926599234
2010-01-14,A023,91.19223811001491
2010-01-14,A024,95.34206823237513
2010-01-14,A025,99.92180707882622
2010-01-14,A026,97.87366638395966
2010-01-14,A027,102.85213567156491
2010-01-14,A028,101.14354045407919
2010-01-14,A029,98.34270774533955
2010-01-14,A030,106.988921445559
2010-01-14,A031,94.2910949611161
2010-01-14,A032,100.7172320945926
2010-01-14,A033,101.96908212894367
2010-01-14,A034,95.98400529793669
2010-01-14,A035,91.3786566817687
2010-01-14,A036,99.78611933773101
2010-01-14,A037,102.34316733068492
2010-01-14,A038,100.92282279927454
2010-01-14,A039,100.07295689657863
2010-01-14,A040,93.187716360844
2010-01-14,A041,103.16599620884821
2010-01-14,A042,100.70033222048265
2010-01-14,A043,101.53387571183117
2010-01-14,A044,103.32473765804492
2010-01-14,A045,93.94987992618138
2010-01-14,A046,90.17406313364715
2010-01-14,A047,92.39460750842963
2010-01-14,A048,98.80436143945731
2010-01-14,A049,95.02467185615056
2010-01-14,A050,94.38708883078526
2010-01-14,A051,94.61673851923273
2010-01-14,A052,100.19167147968841
2010-01-14,A053,100.23751129370453
2010-01-14,A054,96.23204017321302
2010-01-14,A055,95.7319417429056
2010-01-14,A056,98.01556218790336
2010-01-14,A057,90.43490461909882
2010-01-14,A058,105.55329186652322
2010-01-14,A059,95.81139625747485
2010-01-14,A060,94.76886039935344
2010-01-14,A061,95.89471641195931
2010-01-14,A062,102.58124668958514
2010-01-14,A063,96.69389498468598
2010-01-14,A064,97.84260563537497
2010-01-14,A065,97.97660770740725
2010-01-14,A066,98.1200984500239
2010-01-14,A067,104.09587916694345
2010-01-14,A068,95.04483348015694
2010-01-14,A069,98.0128641001132
2010-01-14,A070,100.424788905013
2010-01-14,A071,97.75426197544175
2010-01-14,A072,98.25606071552522
2010-01-14,A073,96.04059853940676
2010-01-14,A074,94.4604777355905
2010-01-14,A075,89.7954603022162
2010-01-14,A076,90.55158790430276
2010-01-14,A077,102.47283652372121
2010-01-14,A078,97.13902931851983
2010-01-14,A079,95.79577705675916
2010-01-14,A080,101.18352330670422
2010-01-14,A081,97.69064820606016
2010-01-14,A082,98.54411739633737
2010-01-14,A083,98.9381331769994
2010-01-14,A084,98.6853260812405
2010-01-14,A085,91.34738204570458
2010-01-14,A086,90.27539549151035
2010-01-14,A087,96.90085331804818
2010-01-14,A088,91.50529398491034
2010-01-14,A089,102.35469501882189
2010-01-14,A090,94.53416619309843
2010-01-14,A091,98.21825749560448
2010-01-14,A092,96.23367818375249
2010-01-14,A093,99.92978286800934
2010-01-14,A094,90.93966436285336
2010-01-14,A095,91.47840447004671
2010-01-14,A096,99.26176102318999
2010-01-14,A097,92.269111818686
2010-01-14,A098,98.91791355922096
2010-01-14,A099,97.66451502813382
2010-01-15,A000,101.18418916915681
2010-01-15,A001,98.5186401899637
2010-01-15,A002,93.18740401188556
2010-01-15,A003,99.57455400552546
2010-01-15,A004,94.75819311950666
2010-01-15,A005,102.43798967168034
2010-01-15,A006,96.1114618990364
2010-01-15,A007,91.81586479324427
2010-01-15,A008,101.36367431906741
2010-01-15,A009,99.46892488673613
2010-01-15,A010,95.60637134132696
2010-01-15,A011,97.8151492663708
2010-01-15,A012,101.85659632842396
2010-01-15,A013,99.19975149922253
2010-01-15,A014,95.77089915796701
2010-01-15,A015,91.69530884293499
2010-01-15,A016,96.04510144785712
2010-01-15,A017,97.43128497205427
2010-01-15,A018,92.5353047164178
2010-01-15,A019,96.6772262938478
2010-01-15,A020,97.8078107030454
2010-01-15,A021,91.51611956272464
2010-01-15,A022,89.40550919134095
2010-01-15,A023,90.56060435476341
2010-01-15,A024,95.65442109726501
2010-01-15,A025,98.45588649826878
2010-01-15,A026,98.57179181186618
2010-01-15,A027,103.59795927098551
2010-01-15,A028,100.15760982212838
2010-01-15,A029,98.5027878894
2010-01-15,A030,104.66014858345194
2010-01-15,A031,98.81300745201929
2010-01-15,A032,99.77800563949165
2010-01-15,A033,102.1599797828055
2010-01-15,A034,94.09422471609552
2010-01-15,A035,91.14026315176486
2010-01-15,A036,98.77208545494943
2010-01-15,A037,101.9807057355242
2010-01-15,A038,99.73794051883054
2010-01-15,A039,100.54386197078915
2010-01-15,A040,92.4021759868786
2010-01-15,A041,101.81036679578119
2010-01-15,A042,100.23359824448083
2010-01-15,A043,99.93733271764161
2010-01-15,A044,102.91987878785724
2010-01-15,A045,94.42308748603303
2010-01-15,A046,91.00724413901557
2010-01-15,A047,92.26403027015434
2010-01-15,A048,100.75448007544318
2010-01-15,A049,94.59363879811151
2010-01-15,A050,95.36969451932468
2010-01-15,A051,94.0284866891474
2010-01-15,A052,98.47752279573356
2010-01-15,A053,100.17038079243801
2010-01-15,A054,96.22585549944189
2010-01-15,A055,95.17835670472708
2010-01-15,A056,95.93188651420023
2010-01-15,A057,90.9332864820883
2010-01-15,A058,104.3340123560629
2010-01-15,A059,93.93192761731649
2010-01-15,A060,97.47068179531952
2010-01-15,A061,96.29321821640599
2010-01-15,A062,101.639207977425
2010-01-15,A063,95.36784283310774
2010-01-15,A064,96.29070396512223
2010-01-15,A065,96.32935060939377
2010-01-15,A066,96.03593134755002
2010-01-15,A067,102.87560802667149
2010-01-15,A068,95.45786469049023
2010-01-15,A069,99.59020340764481
2010-01-15,A070,100.87736685438833
2010-01-15,A071,95.9039001061401
2010-01-15,A072,98.7396950160214
2010-01-15,A073,97.26895474347765
2010-01-15,A074,95.03589418239322
2010-01-15,A075,91.62399312571695
2010-01-15,A076,92.23985178598183
2010-01-15,A077,104.41616654028871
2010-01-15,A078,100.42995271093847
2010-01-15,A079,93.71905142180668
2010-01-15,A080,99.90543698766307
2010-01-15,A081,97.20691736910251
2010-01-15,A082,95.20195331854157
2010-01-15,A083,100.18029389953449
2010-01-15,A084,95.87226356087535
2010-01-15,A085,90.64549495044172
2010-01-15,A086,90.48969816209784
2010-01-15,A087,96.56440380980563
2010-01-15,A088,91.10627065141921
2010-01-15,A089,101.27630939951145
2010-01-15,A090,95.9801521006889
2010-01-15,A091,99.69635341197221
2010-01-15,A092,96.71052002850354
2010-01-15,A093,96.85593970319442
2010-01-15,A094,90.85521224269182
2010-01-15,A095,92.15334226305576
2010-01-15,A096,99.91585164469615
2010-01-15,A097,93.26649492635258
2010-01-15,A098,98.28857586998441
2010-01-15,A099,94.8579079064902
